amfi_code,cagr_3yr,sharpe_ratio,alpha,max_drawdown,expense_ratio_pct,scheme_name,return_rank,sharpe_rank,alpha_rank,expense_rank,drawdown_rank,return_score,sharpe_score,alpha_score,expense_score,drawdown_score,fund_score,overall_rank
148567,0.33991970400445304,1.084999962538694,0.2698375144191807,-0.11265729075028275,1.46,Mirae Asset Large Cap Fund - Regular - Growth,2.0,1.0,7.0,23.0,8.0,97.43589743589743,100.0,84.61538461538461,43.58974358974359,82.05128205128204,85.89743589743588,1.0
120505,0.3176924285223732,0.8956082798051491,0.2926358334175106,-0.18188513572116294,1.36,ICICI Pru Midcap Fund - Regular - Growth,5.0,4.0,3.0,15.0,25.0,89.74358974358975,92.3076923076923,94.87179487179486,64.1025641025641,38.46153846153847,82.43589743589743,2.0
120843,0.2957511058901836,0.9805545676507985,0.27330465038306057,-0.1297396816518679,1.45,Kotak Flexicap Fund - Regular - Growth,7.0,2.0,5.0,22.0,13.0,84.61538461538461,97.43589743589743,89.74358974358975,46.15384615384615,69.23076923076923,81.53846153846153,3.0
100033,0.3243397122906222,0.8208532172619728,0.2719535450128533,-0.16217208574644848,1.38,HDFC Mid-Cap Opportunities Fund - Regular - Growth,4.0,7.0,6.0,17.0,20.0,92.3076923076923,84.61538461538461,87.17948717948718,58.97435897435898,51.28205128205128,80.25641025641023,4.0
120504,0.32478927222623,0.7312732912293519,0.2119482701352573,-0.12588275606922517,0.8,ICICI Pru Bluechip Fund - Direct - Growth,3.0,11.0,13.0,12.0,12.0,94.87179487179486,74.35897435897436,69.23076923076923,71.7948717948718,71.7948717948718,78.84615384615384,5.0
119094,0.35102527889035406,0.74282912823009,0.2607666908004223,-0.20960883862039192,1.38,Axis Midcap Fund - Regular - Growth,1.0,9.0,9.0,17.0,28.0,100.0,79.48717948717949,79.48717948717949,58.97435897435898,30.76923076923077,77.6923076923077,6.0
119551,0.3044861306002782,0.8783135031733819,0.23201007160635082,-0.1501238549864533,1.54,SBI Bluechip Fund - Regular Plan - Growth,6.0,5.0,10.0,30.5,17.0,87.17948717948718,89.74358974358975,76.92307692307693,24.358974358974358,58.97435897435898,73.52564102564104,7.0
148569,0.2917135767741186,0.9325272721144777,0.2827036785246582,-0.1639674294693263,1.6,Mirae Asset Tax Saver Fund - Regular - Growth,8.0,3.0,4.0,36.5,21.0,82.05128205128204,94.87179487179486,92.3076923076923,8.974358974358974,48.717948717948715,73.01282051282051,8.0
119598,0.2666309129954312,0.721173221018611,0.3033696538698332,-0.2870600572176455,1.43,SBI Small Cap Fund - Regular Plan - Growth,12.0,13.0,1.0,21.0,36.0,71.7948717948718,69.23076923076923,100.0,48.717948717948715,10.256410256410255,67.17948717948717,9.0
101206,0.28960211096593724,0.7337673599794888,0.21399784776051212,-0.11291596329323073,1.6,ABSL Frontline Equity Fund - Regular - Growth,9.0,10.0,12.0,36.5,9.0,79.48717948717949,76.92307692307693,71.7948717948718,8.974358974358974,79.48717948717949,66.73076923076923,10.0
149324,0.2699350260734621,0.7240192761274944,0.3005787817097677,-0.31171900300634214,1.52,DSP Small Cap Fund - Regular - Growth,10.0,12.0,2.0,26.5,37.0,76.92307692307693,71.7948717948718,97.43589743589743,34.61538461538461,7.6923076923076925,66.47435897435898,11.0
149323,0.26863103668817145,0.8463136055677694,0.26598577542043045,-0.17248105753451382,1.61,DSP Midcap Fund - Regular - Growth,11.0,6.0,8.0,38.0,22.0,74.35897435897436,87.17948717948718,82.05128205128204,5.128205128205128,46.15384615384615,65.8974358974359,12.0
118632,0.22646647456747715,0.7756928989672589,0.21829397904608644,-0.17414075086657232,1.51,Nippon India Large Cap Fund - Regular - Growth,14.0,8.0,11.0,24.5,23.0,66.66666666666666,82.05128205128204,74.35897435897436,39.743589743589745,43.58974358974359,65.7051282051282,13.0
119552,0.16263375081360643,0.6653393121505503,0.1986859936686296,-0.11803493502764295,0.66,SBI Bluechip Fund - Direct Plan - Growth,23.0,14.0,15.0,4.0,11.0,43.58974358974359,66.66666666666666,64.1025641025641,92.3076923076923,74.35897435897436,63.84615384615385,14.0
125497,0.18429918008610047,0.5225253768786159,0.17729754927531766,-0.15200013055606398,0.92,HDFC Top 100 Fund - Direct Plan - Growth,19.0,18.0,16.0,14.0,18.0,53.84615384615385,56.41025641025641,61.53846153846154,66.66666666666666,56.41025641025641,58.205128205128204,15.0
118633,0.21084691029380598,0.40586356946456337,0.15643835948169668,-0.18629743138595511,0.72,Nippon India Large Cap Fund - Direct - Growth,15.0,21.0,22.0,5.5,26.0,64.1025641025641,48.717948717948715,46.15384615384615,88.46153846153845,35.8974358974359,57.5,16.0
118635,0.2000321571698329,0.41155210380445095,0.1513635464823924,-0.1165062450540909,0.89,Nippon India ETF Nifty 50 BeES,17.0,20.0,23.0,13.0,10.0,58.97435897435898,51.28205128205128,43.58974358974359,69.23076923076923,76.92307692307693,57.30769230769231,17.0
102885,0.19662361245910964,0.5383665513052791,0.17048756803412696,-0.1085986215250232,1.57,UTI Nifty 50 Index Fund - Regular - Growth,18.0,16.0,19.0,34.0,7.0,56.41025641025641,61.53846153846154,53.84615384615385,15.384615384615385,84.61538461538461,53.84615384615385,18.0
120503,0.13974980348212673,0.533719870857107,0.17703302365844073,-0.13897862823061635,1.42,ICICI Pru Bluechip Fund - Regular - Growth,25.0,17.0,17.0,20.0,14.0,38.46153846153847,58.97435897435898,58.97435897435898,51.28205128205128,66.66666666666666,52.43589743589744,19.0
148568,0.14744434832760533,0.656121773164427,0.20873010086942337,-0.1527259422823477,1.52,Mirae Asset Emerging Bluechip Fund - Regular - Growth,24.0,15.0,14.0,26.5,19.0,41.02564102564102,64.1025641025641,66.66666666666666,34.61538461538461,53.84615384615385,52.243589743589745,20.0
120506,0.18417429266835228,0.42027145814352274,0.1625385327998104,-0.1982565826298267,1.41,ICICI Pru Value Discovery Fund - Regular - Growth,20.0,19.0,20.0,19.0,27.0,51.28205128205128,53.84615384615385,51.28205128205128,53.84615384615385,33.33333333333333,50.51282051282052,21.0
119093,0.20811559826631898,-0.03001311206161776,0.08232801295222093,-0.21751396370148224,0.75,Axis Bluechip Fund - Direct - Growth,16.0,28.0,28.0,8.0,31.0,61.53846153846154,30.76923076923077,30.76923076923077,82.05128205128204,23.076923076923077,46.92307692307692,22.0
102887,0.25549670172502026,0.399769680429123,0.16211256794033255,-0.21539827112383225,1.64,UTI Flexi Cap Fund - Regular - Growth,13.0,22.0,21.0,39.5,30.0,69.23076923076923,46.15384615384615,48.717948717948715,1.282051282051282,25.64102564102564,44.80769230769231,23.0
149322,0.1803973982038829,0.2562785020406587,0.13173190226099432,-0.14844576917771746,1.54,DSP Top 100 Equity Fund - Regular - Growth,21.0,25.0,24.0,30.5,16.0,48.717948717948715,38.46153846153847,41.02564102564102,24.358974358974358,61.53846153846154,42.24358974358974,24.0
125498,0.11242518737374207,0.14779594943387106,0.11989100971217971,-0.21117279560132118,0.78,HDFC Mid-Cap Opportunities Fund - Direct - Growth,26.0,26.0,26.0,10.0,29.0,35.8974358974359,35.8974358974359,35.8974358974359,76.92307692307693,28.205128205128204,41.282051282051285,25.0
118634,0.080060298597036,0.3017934534118471,0.1750072167561127,-0.2334488614483311,1.53,Nippon India Small Cap Fund - Regular - Growth,27.0,23.0,18.0,28.5,32.0,33.33333333333333,43.58974358974359,56.41025641025641,29.48717948717949,20.51282051282051,38.65384615384615,26.0
120841,0.1726301444443794,0.27282979809038793,0.13042924450705445,-0.1757361416468729,1.59,Kotak Bluechip Fund - Regular - Growth,22.0,24.0,25.0,35.0,24.0,46.15384615384615,41.02564102564102,38.46153846153847,12.82051282051282,41.02564102564102,37.82051282051282,27.0
120507,0.07392538786263403,-3.211208174307658,0.06746210411099539,-0.0009773140045925555,0.74,ICICI Pru Liquid Fund - Regular - Growth,29.0,38.0,31.0,7.0,1.0,28.205128205128204,5.128205128205128,23.076923076923077,84.61538461538461,100.0,37.05128205128205,28.0
120844,0.06694394239074852,-3.572251625405448,0.06455677495375998,-0.0011629327956168556,0.6,Kotak Liquid Fund - Regular - Growth,30.0,39.0,32.0,3.0,2.0,25.64102564102564,2.564102564102564,20.51282051282051,94.87179487179486,97.43589743589743,36.41025641025641,29.0
118636,0.04061259859840338,-0.790766281278634,0.05074772999976104,-0.08316361763638702,0.55,Nippon India Gilt Securities Fund - Regular - Growth,33.0,36.0,35.0,1.0,6.0,17.94871794871795,10.256410256410255,12.82051282051282,100.0,87.17948717948718,34.230769230769226,30.0
119120,0.05838988442093762,-0.6830199187421566,0.05620895216638369,-0.04328728923970093,0.77,SBI Magnum Gilt Fund - Regular Plan - Growth,32.0,35.0,34.0,9.0,5.0,20.51282051282051,12.82051282051282,15.384615384615385,79.48717948717949,89.74358974358975,33.333333333333336,31.0
100025,0.03915479354684703,-0.9788844261616272,0.042817920315060876,-0.04308263824636349,0.56,HDFC Short Term Debt Fund - Regular - Growth,34.0,37.0,38.0,2.0,4.0,15.384615384615385,7.6923076923076925,5.128205128205128,97.43589743589743,92.3076923076923,31.41025641025641,32.0
101208,0.06314299292105274,-4.21361730410715,0.060861457957871144,-0.0016224980244717857,0.79,ABSL Liquid Fund - Regular - Growth,31.0,40.0,33.0,11.0,3.0,23.076923076923077,0.0,17.94871794871795,74.35897435897436,94.87179487179486,31.153846153846153,33.0
120842,0.0775416750547262,-0.04483445577560299,0.0780443887615508,-0.24003511326274884,1.56,Kotak Emerging Equity Fund - Regular - Growth,28.0,29.0,29.0,33.0,33.0,30.76923076923077,28.205128205128204,28.205128205128204,17.94871794871795,17.94871794871795,26.410256410256412,34.0
119599,-0.01337083602283895,-0.12661506676350995,0.048824215945539845,-0.5257422117012851,0.72,SBI Small Cap Fund - Direct Plan - Growth,38.0,31.0,36.0,5.5,40.0,5.128205128205128,23.076923076923077,10.256410256410255,88.46153846153845,0.0,22.628205128205124,35.0
119092,0.005257668501786883,-0.11390808404990917,0.0689952982167755,-0.1440161790933726,1.64,Axis Bluechip Fund - Regular - Growth,36.0,30.0,30.0,39.5,15.0,10.256410256410255,25.64102564102564,25.64102564102564,1.282051282051282,64.1025641025641,21.217948717948715,36.0
101207,-0.04151453816140693,0.06186644292714197,0.10897091901704538,-0.3544691649336603,1.53,ABSL Small Cap Fund - Regular - Growth,39.0,27.0,27.0,28.5,38.0,2.564102564102564,33.33333333333333,33.33333333333333,29.48717948717949,5.128205128205128,20.705128205128204,37.0
119095,-0.11703299329834216,-0.14213950019223068,0.048015953637759554,-0.5167775370852656,1.38,Axis Small Cap Fund - Regular - Growth,40.0,32.0,37.0,17.0,39.0,0.0,20.51282051282051,7.6923076923076925,58.97435897435898,2.564102564102564,15.76923076923077,38.0
102886,-0.007672319440258146,-0.2817316377375778,0.028969397866379445,-0.2800112356639287,1.51,UTI Mid Cap Fund - Regular - Growth,37.0,33.0,40.0,24.5,35.0,7.6923076923076925,17.94871794871795,0.0,39.743589743589745,12.82051282051282,14.038461538461537,39.0
100016,0.012923525892154508,-0.3046187642532657,0.03747580763443281,-0.24734440880673303,1.55,HDFC Top 100 Fund - Regular Plan - Growth,35.0,34.0,39.0,32.0,34.0,12.82051282051282,15.384615384615385,2.564102564102564,20.51282051282051,15.384615384615385,12.82051282051282,40.0
